order_id,product,price,quantity,revenue,region,customer_age,discount
1000,Widget C,352.09,48,14534.28,South,52,0.14
1001,Gadget X,272.68,2,479.92,East,64,CORRUPT_STRING
1002,Widget A,161.66,6,969.96,West,65,CORRUPT_STRING
1003,Widget C,408.75,28,10414.95,West,35,0.09
1004,Widget C,345.51,29,8617.02,South,31,0.14
1005,Gadget X,89.67,26,2051.65,South,52,0.12
1006,Widget A,456.34,25,8898.63,West,61,0.22
1007,Widget A,413.03,12,4361.6,North,58,0.12
1008,Widget C,475.39,5,2020.41,West,24,0.15
1009,Widget B,365.59,34,10814.15,West,58,0.13
1010,Widget C,310.56,48,11627.37,South,30,0.22
1011,Widget C,214.93,37,5884.78,South,35,0.26
1012,Widget C,467.03,15,5884.58,North,54,0.16
1013,Widget C,434.36,44,14525.0,North,30,CORRUPT_STRING
1014,Gadget X,32.15,36,1053.23,East,53,0.09
1015,Widget A,22.91,15,288.67,West,48,CORRUPT_STRING
1016,Gadget X,194.46,43,7525.6,South,19,CORRUPT_STRING
1017,Gadget X,407.16,48,17198.44,North,33,0.12
1018,Gadget X,493.76,23,8858.05,East,26,CORRUPT_STRING
1019,Widget C,83.69,6,371.58,East,26,0.26
1020,Widget B,301.11,46,13297.02,South,55,0.04
1021,Widget A,196.63,44,7007.89,South,28,0.19
1022,Widget B,485.25,43,17318.57,East,71,CORRUPT_STRING
1023,Gadget X,422.63,45,18257.62,North,73,0.04
1024,Gadget X,420.77,21,8306.0,East,39,0.06
1025,Widget B,239.65,23,5015.87,West,50,0.09
1026,Widget B,213.25,43,8711.26,West,53,CORRUPT_STRING
1027,Widget B,143.96,16,2142.12,South,62,0.07
1028,Gadget X,37.61,47,1626.26,North,40,0.08
1029,Gadget X,433.7,15,5854.95,North,62,CORRUPT_STRING
1030,Widget A,408.31,25,7962.04,West,62,0.22
1031,Widget A,499.85,36,14935.52,East,51,0.17
1032,Gadget X,498.34,11,3837.22,South,26,0.3
1033,Widget B,282.15,15,3724.38,East,41,CORRUPT_STRING
1034,Widget B,386.79,4,1191.31,East,25,0.23
1035,Widget A,472.93,21,7349.33,East,24,CORRUPT_STRING
1036,Gadget X,426.32,13,4433.73,North,53,0.2
1037,Widget A,131.19,22,2539.84,West,35,0.12
1038,Widget A,230.76,19,3376.02,North,20,0.23
1039,Widget C,73.28,34,2342.03,West,45,CORRUPT_STRING
1040,Widget C,477.48,14,6016.25,South,23,CORRUPT_STRING
1041,Widget C,307.02,4,1031.59,South,61,CORRUPT_STRING
1042,Widget B,122.02,48,4861.28,East,61,0.17
1043,Gadget X,339.12,46,15443.52,West,38,CORRUPT_STRING
1044,Gadget X,312.87,27,6082.19,West,45,0.28
1045,Gadget X,185.49,29,4249.58,West,57,CORRUPT_STRING
1046,Gadget X,65.63,47,2621.92,East,71,0.15
1047,Widget C,339.06,28,6835.45,East,71,0.28
1048,Widget B,264.94,35,8067.42,South,18,0.13
1049,Widget B,388.43,8,2206.28,North,53,0.29
1050,Widget C,264.87,16,3602.23,West,38,0.15
1051,Widget B,427.56,42,17418.79,West,60,0.03
1052,Widget C,280.42,36,7773.24,North,52,0.23
1053,Gadget X,284.85,30,6836.4,West,30,0.2
1054,Widget C,439.55,18,6092.16,East,74,CORRUPT_STRING
1055,Gadget X,207.7,2,294.93,East,66,CORRUPT_STRING
1056,Gadget X,75.66,49,2854.65,West,71,0.23
1057,Widget A,24.09,13,256.8,East,71,0.18
1058,Widget C,380.01,4,1124.83,East,27,0.26
1059,Widget A,313.94,26,6529.95,West,70,0.2
1060,Widget C,354.99,25,7809.78,South,61,CORRUPT_STRING
1061,Widget C,114.34,30,2504.05,North,64,CORRUPT_STRING
1062,Widget A,76.81,11,785.77,East,70,0.07
1063,Widget A,17.12,7,94.67,South,27,0.21
1064,Widget C,181.78,31,4170.03,East,63,CORRUPT_STRING
1065,Widget B,299.05,44,10263.4,East,30,0.22
1066,Gadget X,202.19,10,1597.3,North,54,0.21
1067,Widget A,224.35,39,6737.23,East,55,0.23
1068,Gadget X,453.03,13,5064.88,North,41,CORRUPT_STRING
1069,Widget B,180.64,31,4143.88,North,19,CORRUPT_STRING
1070,Widget B,261.84,7,1722.91,North,39,0.06
1071,Widget B,393.98,49,18532.82,South,34,0.04
1072,Widget A,204.3,42,7808.35,West,53,CORRUPT_STRING
1073,Widget B,314.81,42,11106.5,South,31,0.16
1074,Widget A,432.55,36,13236.03,West,27,0.15
1075,Widget B,475.26,20,7128.9,West,52,0.25
1076,Gadget X,82.06,4,288.85,North,42,0.12
1077,Gadget X,464.02,7,2760.92,East,20,CORRUPT_STRING
1078,Widget C,251.13,1,251.13,North,64,0.0
1079,Gadget X,136.53,44,5286.44,East,55,0.12
1080,Widget C,234.97,45,8564.66,West,34,0.19
1081,Gadget X,490.21,42,20588.82,North,29,0.0
1082,Widget A,251.37,47,10869.24,East,71,0.08
1083,Gadget X,171.08,13,2090.6,South,69,CORRUPT_STRING
1084,Widget C,320.36,22,6977.44,East,41,0.01
1085,Widget C,127.66,21,2305.54,North,46,CORRUPT_STRING
1086,Widget B,47.16,22,985.64,South,60,0.05
1087,Widget A,73.14,28,1597.38,East,42,0.22
1088,Gadget X,72.73,9,490.93,East,53,CORRUPT_STRING
1089,Widget B,84.42,26,1843.73,East,43,0.16
1090,Gadget X,78.02,9,498.55,East,55,0.29
1091,Gadget X,324.02,15,4179.86,East,18,0.14
1092,Widget B,99.11,10,842.44,South,37,0.15
1093,Widget B,179.37,24,3013.42,West,72,0.3
1094,Widget B,449.42,42,17554.35,South,45,0.07
1095,Widget B,242.23,8,1395.24,South,33,0.28
1096,Widget B,337.09,24,8009.26,South,64,0.01
1097,Gadget X,94.43,16,1314.47,West,34,CORRUPT_STRING
1098,Widget B,104.21,49,5004.16,North,57,0.02
1099,Widget A,30.02,26,608.81,West,45,0.22
1100,Widget C,92.77,27,2053.93,South,29,0.18
1101,Widget B,146.5,37,4282.2,East,44,CORRUPT_STRING
1102,Widget B,96.73,4,344.36,East,71,0.11
1103,Gadget X,53.45,24,1141.69,South,70,0.11
1104,Widget B,69.1,19,1299.77,East,59,0.01
1105,Widget B,235.77,36,7638.95,South,64,0.1
1106,Widget B,111.09,39,3119.41,East,47,0.28
1107,Gadget X,188.48,10,1677.47,West,58,0.11
1108,Widget B,256.66,25,4812.38,North,51,0.25
1109,Widget C,348.28,18,4701.78,North,54,0.25
1110,Gadget X,29.25,19,494.62,West,23,0.11
1111,Widget C,401.7,36,11713.57,West,24,CORRUPT_STRING
1112,Gadget X,317.66,10,3081.3,South,49,0.03
1113,Widget B,50.05,33,1602.1,South,49,0.03
1114,Widget C,438.04,5,2168.3,South,70,CORRUPT_STRING
1115,Gadget X,461.22,47,17992.19,East,42,0.17
1116,Widget A,39.92,49,1701.79,South,50,0.13
1117,Widget B,145.66,35,4282.4,West,72,0.16
1118,Gadget X,405.03,44,14969.91,North,24,0.16
1119,Widget A,376.64,34,11397.13,East,69,CORRUPT_STRING
1120,Gadget X,100.41,33,2650.82,South,74,0.2
1121,Widget A,112.57,21,1820.26,East,29,0.23
1122,Widget B,191.52,17,3255.84,East,33,0.0
1123,Widget C,247.41,22,5116.44,South,33,0.06
1124,Widget A,312.93,48,11866.31,East,60,CORRUPT_STRING
1125,Gadget X,190.76,37,6211.15,North,70,CORRUPT_STRING
1126,Widget B,236.63,15,2839.56,West,53,0.2
1127,Widget A,376.25,35,11851.88,West,30,0.1
1128,Gadget X,27.96,28,688.93,North,24,0.12
1129,Gadget X,133.68,7,888.97,East,53,0.05
1130,Gadget X,359.53,32,10584.56,South,64,0.08
1131,Widget A,448.64,11,4046.73,East,68,0.18
1132,Widget A,260.71,10,2268.18,North,26,0.13
1133,Widget A,270.73,9,1876.16,East,49,0.23
1134,Widget C,62.5,14,647.5,West,28,0.26
1135,Widget A,229.22,13,2503.08,East,25,0.16
1136,Widget A,270.97,25,5216.17,North,50,0.23
1137,Widget A,128.8,2,234.42,West,40,CORRUPT_STRING
1138,Widget C,141.92,35,4371.14,East,42,CORRUPT_STRING
1139,Widget A,194.86,7,1077.58,East,73,0.21
1140,Gadget X,19.82,21,366.27,West,25,0.12
1141,Widget A,167.81,18,2476.88,South,62,0.18
1142,Gadget X,113.6,3,320.35,West,39,CORRUPT_STRING
1143,Gadget X,170.46,42,5870.64,South,21,CORRUPT_STRING
1144,Gadget X,68.67,39,1981.82,North,57,CORRUPT_STRING
1145,Widget C,446.35,41,13542.26,North,20,0.26
1146,Widget C,300.85,49,11498.49,West,46,CORRUPT_STRING
1147,Widget C,342.75,11,2940.8,West,58,0.22
1148,Widget A,396.68,39,12840.53,North,46,CORRUPT_STRING
1149,Gadget X,254.23,24,5003.25,South,51,CORRUPT_STRING
1150,Widget C,52.58,46,2321.93,North,51,0.04
1151,Widget C,273.17,19,4515.5,West,45,0.13
1152,Widget A,297.54,4,1023.54,North,30,CORRUPT_STRING
1153,Widget C,375.26,26,6927.3,West,32,CORRUPT_STRING
1154,Widget A,221.5,38,7322.79,West,40,0.13
1155,Widget B,72.5,42,2557.8,North,61,0.16
1156,Widget C,149.04,32,4006.2,South,43,0.16
1157,Widget B,187.9,39,5935.76,East,21,CORRUPT_STRING
1158,Widget A,326.49,45,11459.8,North,43,0.22
1159,Gadget X,289.67,46,12392.08,East,57,0.07
1160,Widget C,184.48,36,5578.68,North,26,CORRUPT_STRING
1161,Widget A,493.38,40,14801.4,East,72,0.25
1162,Gadget X,306.82,37,9763.01,South,22,0.14
1163,Gadget X,126.23,33,3832.34,South,73,0.08
1164,Widget B,59.86,36,1723.97,North,49,0.2
1165,Widget A,84.89,3,191.0,West,37,0.25
1166,Gadget X,130.51,9,1151.1,East,67,0.02
1167,Widget C,88.72,8,546.52,West,28,CORRUPT_STRING
1168,Widget C,101.41,33,2509.9,West,32,0.25
1169,Widget B,149.69,6,772.4,West,49,CORRUPT_STRING
1170,Gadget X,94.94,41,2763.7,South,45,0.29
1171,Widget A,449.41,39,13320.51,North,39,0.24
1172,Widget C,49.3,4,151.84,North,58,0.23
1173,Gadget X,267.0,13,2707.38,South,34,CORRUPT_STRING
1174,Gadget X,211.08,49,9825.77,South,43,CORRUPT_STRING
1175,Widget B,491.36,2,913.93,North,61,0.07
1176,Widget C,64.89,5,279.03,West,24,0.14
1177,Widget C,204.94,44,8295.97,East,59,0.08
1178,Widget A,485.03,27,11524.31,East,74,0.12
1179,Widget C,434.09,32,10140.34,East,43,0.27
1180,Widget A,410.36,21,6463.17,West,42,CORRUPT_STRING
1181,Widget C,136.36,8,883.61,North,27,0.19
1182,Widget B,93.72,38,2635.41,South,62,0.26
1183,Widget C,337.63,8,2052.79,North,36,0.24
1184,Widget A,465.38,3,1214.64,West,28,0.13
1185,Widget A,282.8,44,11696.61,South,30,0.06
1186,Widget B,290.08,3,739.7,West,70,CORRUPT_STRING
1187,Widget C,147.18,22,2525.61,East,25,0.22
1188,Widget C,387.04,6,2020.35,East,57,0.13
1189,Widget B,101.64,2,162.62,West,21,0.2
1190,Widget C,168.59,23,3761.24,South,64,CORRUPT_STRING
1191,Widget C,218.45,44,7497.2,South,48,CORRUPT_STRING
1192,Widget A,258.72,2,393.25,North,45,0.24
1193,Widget C,128.77,38,3865.68,East,28,CORRUPT_STRING
1194,Widget C,66.26,17,799.76,North,60,0.29
1195,Widget B,309.19,35,8116.24,North,18,0.25
1196,Widget B,151.42,34,3758.24,West,66,0.27
1197,Gadget X,294.8,23,4881.89,West,64,CORRUPT_STRING
1198,Widget A,85.63,30,1952.36,North,69,0.24
1199,Widget C,245.75,8,1572.8,East,55,0.2
1200,Widget C,270.96,22,5961.12,West,41,0.0
1201,Gadget X,35.38,44,1338.78,North,71,CORRUPT_STRING
1202,Widget C,174.93,36,5226.91,North,74,0.17
1203,Widget A,75.85,5,345.12,North,64,0.09
1204,Gadget X,41.04,13,480.17,North,48,0.1
1205,Widget A,495.07,29,10193.49,North,58,0.29
1206,Gadget X,167.94,31,3800.48,North,63,0.27
1207,Gadget X,406.83,47,14340.76,West,67,0.25
1208,Widget B,134.76,16,1897.42,East,43,0.12
1209,Widget A,343.93,42,14445.06,North,66,CORRUPT_STRING
1210,Widget C,382.5,30,11245.5,South,67,0.02
1211,Widget C,301.85,16,4394.94,West,22,0.09
1212,Widget A,241.06,12,2892.72,West,37,0.0
1213,Widget C,211.79,17,3564.43,North,69,0.01
1214,Widget C,180.94,16,2113.38,West,58,CORRUPT_STRING
1215,Widget A,465.46,12,4412.56,North,28,CORRUPT_STRING
1216,Gadget X,416.99,8,3035.69,East,73,CORRUPT_STRING
1217,Widget A,482.85,20,9270.72,East,71,0.04
1218,Gadget X,70.9,3,180.8,West,50,0.15
1219,Widget C,368.12,16,5889.92,West,67,0.0
1220,Widget C,469.78,30,10147.25,South,55,0.28
1221,Widget C,98.79,45,3912.08,West,44,CORRUPT_STRING
1222,Widget B,42.57,23,861.62,South,51,CORRUPT_STRING
1223,Gadget X,373.14,28,9194.17,East,32,0.12
1224,Widget B,291.48,40,11426.02,East,49,CORRUPT_STRING
1225,Widget B,422.49,5,1711.08,North,38,0.19
1226,Widget A,78.48,20,1224.29,East,63,0.22
1227,Widget B,399.67,40,12789.44,South,22,CORRUPT_STRING
1228,Widget A,108.79,44,4595.29,West,23,0.04
1229,Widget A,90.18,1,74.85,North,55,0.17
1230,Widget B,90.48,30,2252.95,South,39,0.17
1231,Gadget X,409.13,21,6357.88,West,35,0.26
1232,Gadget X,335.94,20,5979.73,North,31,0.11
1233,Gadget X,266.29,6,1421.99,East,27,0.11
1234,Gadget X,185.82,22,3311.31,South,63,0.19
1235,Gadget X,439.82,18,6412.58,West,30,0.19
1236,Widget B,202.29,8,1391.76,North,48,0.14
1237,Widget B,410.12,39,13915.37,North,47,0.13
1238,Widget C,225.17,32,6124.62,East,20,0.15
1239,Gadget X,194.69,33,4754.33,West,47,0.26
1240,Widget B,236.7,16,3256.99,East,23,0.14
1241,Widget C,157.67,12,1362.27,East,46,0.28
1242,Gadget X,376.32,38,12155.14,West,25,0.15
1243,Widget A,256.32,34,6274.71,West,61,0.28
1244,Widget C,123.77,14,1299.58,West,62,CORRUPT_STRING
1245,Widget B,450.78,36,14442.99,South,60,CORRUPT_STRING
1246,Widget A,198.1,33,4837.6,West,61,0.26
1247,Widget A,276.33,23,6164.92,North,50,0.03
1248,Widget A,454.16,45,14714.78,East,34,0.28
1249,Widget C,315.87,2,511.71,South,65,CORRUPT_STRING
1250,Widget B,67.27,41,2702.91,West,28,CORRUPT_STRING
1251,Widget A,470.51,21,8003.38,South,30,CORRUPT_STRING
1252,Gadget X,317.57,2,450.95,West,67,0.29
1253,Widget A,174.09,27,4606.42,South,28,0.02
1254,Widget A,78.23,9,584.38,East,48,0.17
1255,Widget C,399.06,1,311.27,East,45,0.22
1256,Widget C,313.83,11,2623.62,North,61,0.24
1257,Widget B,271.39,3,716.47,North,23,0.12
1258,Gadget X,448.0,23,9685.76,West,58,0.06
1259,Widget C,396.4,26,10203.34,East,33,0.01
1260,Widget A,84.31,4,279.91,South,21,0.17
1261,Widget B,162.73,18,2519.06,South,52,CORRUPT_STRING
1262,Widget A,131.75,6,569.16,South,65,0.28
1263,Widget A,374.52,35,12846.04,North,73,0.02
1264,Widget C,26.42,22,459.18,South,43,CORRUPT_STRING
1265,Widget B,289.24,43,12312.95,North,74,CORRUPT_STRING
1266,Gadget X,383.59,15,5466.16,North,29,0.05
1267,Gadget X,439.61,22,8317.42,West,28,0.14
1268,Widget C,177.61,37,5651.55,South,54,CORRUPT_STRING
1269,Widget C,412.41,42,13683.76,South,42,0.21
1270,Widget B,64.2,12,562.39,East,35,CORRUPT_STRING
1271,Gadget X,424.75,47,16170.23,West,36,0.19
1272,Gadget X,72.46,49,2520.88,East,40,CORRUPT_STRING
1273,Gadget X,204.66,42,6360.83,West,72,0.26
1274,Widget A,400.66,38,12484.57,South,55,0.18
1275,Gadget X,83.45,18,1126.58,North,71,0.25
1276,Widget A,122.32,45,4458.56,North,35,0.19
1277,Widget B,363.89,35,12481.43,North,43,CORRUPT_STRING
1278,Widget A,362.81,30,8489.75,North,23,0.22
1279,Widget B,324.15,24,7546.21,North,21,0.03
1280,Gadget X,350.02,42,12054.69,East,61,CORRUPT_STRING
1281,Gadget X,275.92,30,6539.3,West,68,CORRUPT_STRING
1282,Widget B,133.37,14,1829.84,South,46,CORRUPT_STRING
1283,Widget C,179.38,6,1000.94,East,51,0.07
1284,Widget B,98.97,3,216.74,West,34,0.27
1285,Widget C,455.13,16,5971.31,North,60,0.18
1286,Widget A,295.85,7,1925.98,West,60,0.07
1287,Widget A,206.41,14,2282.89,West,70,CORRUPT_STRING
1288,Widget A,236.37,9,1744.41,North,33,CORRUPT_STRING
1289,Gadget X,474.16,15,6045.54,North,19,0.15
1290,Widget A,85.13,21,1269.29,North,51,0.29
1291,Widget C,297.24,35,8218.69,South,72,0.21
1292,Widget A,257.88,2,459.03,North,25,0.11
1293,Widget B,309.6,27,6352.99,South,30,0.24
1294,Widget B,18.86,2,27.54,North,59,CORRUPT_STRING
1295,Gadget X,437.33,35,14694.29,South,25,0.04
1296,Widget B,466.73,18,7897.07,West,47,0.06
1297,Widget C,286.91,14,3775.74,East,49,CORRUPT_STRING
1298,Widget A,351.35,20,5551.33,West,53,0.21
1299,Gadget X,462.01,18,6819.27,West,64,CORRUPT_STRING
1300,Widget A,356.54,10,2887.97,North,47,0.19
1301,Widget A,84.73,25,1525.14,South,18,0.28
1302,Widget C,292.37,2,450.25,East,60,0.23
1303,Widget B,307.28,25,7374.72,North,56,0.04
1304,Widget B,217.81,33,6468.96,North,34,0.1
1305,Widget A,370.85,36,11615.02,North,37,0.13
1306,Gadget X,467.83,31,12762.4,West,41,0.12
1307,Widget B,463.52,14,5191.42,South,67,0.2
1308,Gadget X,230.9,1,168.56,South,39,0.27
1309,Widget B,65.48,46,2740.99,East,46,0.09
1310,Gadget X,492.56,16,6541.2,South,39,0.17
1311,Widget C,421.05,46,14719.91,South,61,0.24
1312,Gadget X,71.07,3,187.62,North,26,0.12
1313,Widget C,461.2,35,15334.9,North,54,0.05
1314,Widget C,436.24,41,15381.82,West,27,CORRUPT_STRING
1315,Gadget X,264.22,6,1553.61,North,53,0.02
1316,Widget C,299.71,25,5394.78,North,54,CORRUPT_STRING
1317,Widget A,205.5,13,2618.07,North,45,0.02
1318,Widget C,36.82,34,1089.14,North,45,CORRUPT_STRING
1319,Widget B,174.24,8,1170.89,West,59,0.16
1320,Gadget X,403.39,21,5929.83,North,60,CORRUPT_STRING
1321,Widget A,12.26,34,396.0,East,38,0.05
1322,Gadget X,173.4,4,672.79,East,41,0.03
1323,Widget B,205.09,25,5127.25,East,59,CORRUPT_STRING
1324,Widget B,273.31,15,3894.67,East,57,0.05
1325,Widget B,460.72,4,1732.31,North,19,CORRUPT_STRING
1326,Widget C,179.7,45,6550.06,East,72,0.19
1327,Widget C,180.0,12,2008.8,North,25,0.07
1328,Gadget X,371.37,32,11765.0,West,65,0.01
1329,Gadget X,231.58,32,5557.92,East,44,0.25
1330,Widget A,120.05,28,2991.65,South,39,0.11
1331,Widget A,231.69,13,2680.65,East,54,0.11
1332,Gadget X,79.01,31,2228.87,East,44,CORRUPT_STRING
1333,Widget C,96.42,14,958.41,North,74,CORRUPT_STRING
1334,Widget B,254.19,20,4829.61,East,46,0.05
1335,Gadget X,215.26,18,2828.52,South,20,0.27
1336,Widget A,458.26,29,10232.95,North,61,0.23
1337,Widget C,187.56,6,1102.85,North,30,CORRUPT_STRING
1338,Gadget X,294.48,32,6596.35,West,62,0.3
1339,Gadget X,319.8,29,8532.26,West,27,0.08
1340,Widget C,16.41,43,684.46,East,53,CORRUPT_STRING
1341,Gadget X,335.12,2,502.68,West,26,0.25
1342,Widget C,97.23,23,1766.67,West,71,0.21
1343,Widget B,480.91,19,7401.2,West,73,0.19
1344,Widget C,82.83,31,2439.34,North,72,0.05
1345,Widget C,213.16,5,916.59,North,44,CORRUPT_STRING
1346,Widget C,51.81,19,757.98,North,51,0.23
1347,Gadget X,498.46,34,15422.35,West,68,0.09
1348,Gadget X,256.07,10,2330.24,North,18,0.09
1349,Widget C,301.73,25,7543.25,West,49,0.0
1350,Gadget X,42.86,2,81.43,North,42,CORRUPT_STRING
1351,Widget A,377.47,11,3072.61,North,46,0.26
1352,Widget A,112.84,31,3043.29,South,24,0.13
1353,Gadget X,450.04,15,4725.42,East,66,0.3
1354,Gadget X,110.51,9,875.24,West,20,0.12
1355,Widget C,103.43,23,1879.32,South,37,0.21
1356,Widget B,27.9,19,487.69,North,37,0.08
1357,Gadget X,241.3,9,1932.81,West,70,0.11
1358,Widget A,286.76,35,9434.4,North,47,CORRUPT_STRING
1359,Widget C,42.19,21,797.39,East,52,CORRUPT_STRING
1360,Gadget X,390.0,9,2948.4,South,52,0.16
1361,Widget A,232.1,28,4549.16,East,66,CORRUPT_STRING
1362,Widget A,266.94,46,9823.39,South,56,CORRUPT_STRING
1363,Widget B,225.96,7,1486.82,North,44,0.06
1364,Widget C,206.36,16,3268.74,East,43,0.01
1365,Widget C,284.21,16,4365.47,East,31,0.04
1366,Widget B,86.06,33,2357.18,North,34,0.17
1367,Widget B,99.13,4,305.32,East,35,0.23
1368,Widget C,432.26,4,1244.91,West,62,0.28
1369,Widget C,473.59,39,18470.01,South,69,0.0
1370,Gadget X,192.91,40,6481.78,South,46,0.16
1371,Gadget X,142.65,17,2085.54,South,37,CORRUPT_STRING
1372,Widget B,325.55,37,9636.28,West,70,0.2
1373,Gadget X,210.27,39,6806.44,South,44,0.17
1374,Widget A,22.43,29,513.87,North,35,0.21
1375,Gadget X,86.5,36,2491.2,East,21,0.2
1376,Gadget X,360.82,38,13162.71,West,18,0.04
1377,Widget A,332.86,39,9865.97,South,67,0.24
1378,Widget B,23.27,37,826.55,North,18,0.04
1379,Widget A,118.76,35,3283.71,East,43,0.21
1380,Gadget X,123.22,7,759.04,East,62,0.12
1381,Widget B,339.22,27,7785.1,West,37,0.15
1382,Gadget X,19.65,28,401.65,West,69,CORRUPT_STRING
1383,Widget A,61.0,22,979.66,West,40,CORRUPT_STRING
1384,Widget A,401.95,14,4220.48,North,27,CORRUPT_STRING
1385,Gadget X,97.48,7,580.01,North,28,0.15
1386,Widget C,329.84,37,9519.18,West,58,0.22
1387,Widget C,126.7,22,2369.29,South,58,0.15
1388,Widget A,58.72,5,217.26,East,22,CORRUPT_STRING
1389,Widget A,129.14,2,227.29,East,18,0.12
1390,Widget C,363.9,27,6975.96,North,34,CORRUPT_STRING
1391,Widget C,429.28,21,6490.71,East,39,CORRUPT_STRING
1392,Gadget X,416.8,38,12353.95,South,51,CORRUPT_STRING
1393,Gadget X,204.61,15,2823.62,East,73,0.08
1394,Widget C,337.35,21,6800.98,North,62,0.04
1395,Gadget X,110.43,10,817.18,North,58,0.26
1396,Gadget X,153.63,23,3356.82,South,46,CORRUPT_STRING
1397,Widget B,449.19,39,12963.62,South,21,0.26
1398,Gadget X,16.36,5,69.53,East,22,0.15
1399,Widget A,51.89,1,45.66,East,28,0.12
1400,Gadget X,111.85,13,1061.46,North,73,CORRUPT_STRING
1401,Gadget X,22.99,21,395.89,South,68,0.18
1402,Widget C,98.89,26,2134.05,South,38,0.17
1403,Widget A,295.68,45,11043.65,South,52,0.17
1404,Gadget X,216.49,21,4046.2,East,29,CORRUPT_STRING
1405,Gadget X,447.4,18,6120.43,South,43,0.24
1406,Widget B,410.54,37,13974.78,North,68,CORRUPT_STRING
1407,Gadget X,177.48,45,5750.35,North,36,0.28
1408,Gadget X,137.11,32,3202.89,East,62,0.27
1409,Widget B,196.04,36,6351.7,West,24,0.1
1410,Widget C,299.23,17,3967.79,East,64,CORRUPT_STRING
1411,Gadget X,141.34,35,4105.93,West,72,0.17
1412,Widget B,315.82,49,13927.66,South,24,0.1
1413,Widget A,210.6,11,1621.62,East,43,0.3
1414,Widget C,280.49,21,5831.39,North,57,0.01
1415,Widget A,223.69,26,5350.66,South,22,0.08
1416,Widget A,154.28,4,518.38,North,38,CORRUPT_STRING
1417,Widget B,474.73,34,13558.29,South,31,0.16
1418,Gadget X,384.16,48,15120.54,East,21,0.18
1419,Widget B,78.65,18,1090.09,West,40,CORRUPT_STRING
1420,Widget B,435.54,40,14111.5,South,59,0.19
1421,Widget B,248.83,35,7141.42,West,37,0.18
1422,Widget B,448.32,41,18013.5,South,32,0.02
1423,Widget C,401.92,29,10373.56,North,67,0.11
1424,Gadget X,218.34,29,5888.63,North,69,0.07
1425,Widget A,21.0,38,734.16,South,62,0.08
1426,Widget A,141.64,42,4937.57,West,46,0.17
1427,Gadget X,275.39,21,5436.2,East,25,CORRUPT_STRING
1428,Widget A,320.39,42,12245.31,East,58,CORRUPT_STRING
1429,Gadget X,136.35,13,1648.47,North,65,0.07
1430,Widget A,78.27,49,2761.37,East,36,0.28
1431,Widget B,419.11,41,12372.13,North,65,0.28
1432,Widget A,492.35,17,6863.36,East,56,0.18
1433,Gadget X,267.58,9,1733.92,South,63,0.28
1434,Gadget X,94.11,41,2932.47,North,45,0.24
1435,Gadget X,143.42,1,117.6,North,63,CORRUPT_STRING
1436,Gadget X,19.0,2,38.0,South,74,0.0
1437,Gadget X,458.0,48,16927.68,North,44,0.23
1438,Widget C,67.69,29,1550.78,East,21,0.21
1439,Widget C,292.48,33,7914.51,East,32,0.18
1440,Widget A,144.28,10,1110.96,North,52,CORRUPT_STRING
1441,Gadget X,281.54,40,9572.36,East,54,0.15
1442,Widget A,329.19,21,5461.26,West,18,0.21
1443,Gadget X,416.56,28,8397.85,North,20,CORRUPT_STRING
1444,Gadget X,111.14,11,1088.06,South,64,0.11
1445,Widget C,15.38,34,413.11,West,41,CORRUPT_STRING
1446,Widget C,77.06,8,530.17,North,44,CORRUPT_STRING
1447,Widget B,451.0,22,7937.6,South,57,0.2
1448,Widget C,438.2,8,2699.31,East,53,0.23
1449,Widget B,302.72,49,14684.95,South,51,CORRUPT_STRING
1450,Widget B,304.24,15,3696.52,West,46,CORRUPT_STRING
1451,Widget B,335.86,17,5309.95,East,41,0.07
1452,Widget B,95.92,23,1764.93,North,41,CORRUPT_STRING
1453,Widget B,458.05,24,9454.15,East,59,0.14
1454,Widget A,215.19,45,7456.33,North,21,CORRUPT_STRING
1455,Widget C,197.73,19,3606.6,North,20,0.04
1456,Widget B,264.26,5,1070.25,South,51,0.19
1457,Gadget X,33.0,32,971.52,South,74,0.08
1458,Widget C,91.47,44,2978.26,South,66,0.26
1459,Widget C,371.63,1,267.57,West,40,0.28
1460,Widget B,50.56,23,814.02,West,70,0.3
1461,Widget A,305.53,37,8591.5,South,73,0.24
1462,Widget B,130.21,8,802.09,West,69,CORRUPT_STRING
1463,Widget A,200.74,13,2453.04,East,40,0.06
1464,Gadget X,151.45,8,1090.44,East,62,0.1
1465,Widget C,184.27,23,3644.86,West,22,0.14
1466,Gadget X,362.32,43,11996.42,West,48,CORRUPT_STRING
1467,Widget A,155.58,1,113.57,East,70,0.27
1468,Widget A,287.53,45,12162.52,North,58,CORRUPT_STRING
1469,Gadget X,243.25,24,4203.36,East,74,0.28
1470,Widget A,335.19,35,9268.0,East,74,0.21
1471,Gadget X,469.04,24,9230.71,West,71,0.18
1472,Widget C,368.95,17,5895.82,East,23,0.06
1473,Gadget X,115.31,5,565.02,West,54,CORRUPT_STRING
1474,Widget C,25.27,20,419.48,West,74,0.17
1475,Gadget X,138.5,21,2326.8,South,27,0.2
1476,Widget A,301.58,40,11339.41,East,57,0.06
1477,Gadget X,35.19,31,905.44,North,24,0.17
1478,Widget A,253.21,46,8619.27,South,56,0.26
1479,Gadget X,302.44,36,8165.88,West,55,0.25
1480,Gadget X,173.77,11,1376.26,West,38,0.28
1481,Widget B,387.74,15,5176.33,North,37,0.11
1482,Widget A,62.22,19,1063.96,West,20,0.1
1483,Widget B,46.81,7,255.58,East,68,CORRUPT_STRING
1484,Widget A,366.8,28,8935.25,South,39,CORRUPT_STRING
1485,Widget B,252.78,43,10543.45,West,64,0.03
1486,Widget C,347.31,5,1597.63,West,21,0.08
1487,Gadget X,223.06,5,970.31,North,45,CORRUPT_STRING
1488,Widget A,130.73,30,3568.93,East,29,CORRUPT_STRING
1489,Widget A,411.35,32,11846.88,West,55,0.1
1490,Gadget X,401.7,8,2924.38,North,68,CORRUPT_STRING
1491,Widget A,350.39,10,3468.86,West,53,0.01
1492,Widget A,143.34,38,4412.01,North,64,0.19
1493,Widget B,299.2,47,11531.17,North,58,CORRUPT_STRING
1494,Widget A,186.87,32,4783.87,East,22,CORRUPT_STRING
1495,Widget C,54.87,48,2475.73,West,30,0.06
1496,Widget C,459.47,28,11707.3,East,40,CORRUPT_STRING
1497,Gadget X,77.03,17,1060.7,North,67,CORRUPT_STRING
1498,Widget A,475.61,31,12090.01,South,47,0.18
1499,Gadget X,228.53,8,1554.0,West,54,0.15
1500,Widget C,100.71,40,3585.28,South,42,0.11
1501,Widget A,275.52,25,5028.24,West,65,CORRUPT_STRING
1502,Widget A,437.73,9,3545.61,East,44,0.1
1503,Gadget X,368.78,2,634.3,East,68,0.14
1504,Widget C,405.2,15,4862.4,East,31,0.2
1505,Widget A,332.79,3,838.63,East,74,0.16
1506,Gadget X,349.21,49,15400.16,East,65,0.1
1507,Widget C,426.1,36,13345.45,South,64,CORRUPT_STRING
1508,Gadget X,132.33,4,402.28,East,71,CORRUPT_STRING
1509,Widget B,249.81,14,3217.55,North,53,CORRUPT_STRING
1510,Widget A,118.38,41,4659.44,North,56,0.04
1511,Widget B,493.95,41,18429.27,South,33,0.09
1512,Widget C,472.58,25,8860.88,West,73,CORRUPT_STRING
1513,Widget B,29.31,10,284.31,North,39,CORRUPT_STRING
1514,Widget B,355.72,21,5229.08,West,38,0.3
1515,Widget C,463.36,36,14012.01,South,71,0.16
1516,Gadget X,98.47,12,827.15,West,38,CORRUPT_STRING
1517,Widget B,288.28,27,5604.16,West,25,CORRUPT_STRING
1518,Gadget X,458.58,40,15775.15,West,66,0.14
1519,Widget B,26.62,2,50.05,West,33,CORRUPT_STRING
1520,Gadget X,351.73,13,4343.87,South,72,CORRUPT_STRING
1521,Widget C,155.69,32,4633.33,North,48,0.07
1522,Widget B,462.94,31,11337.4,East,59,CORRUPT_STRING
1523,Widget C,485.81,16,7151.12,West,27,CORRUPT_STRING
1524,Widget B,472.68,32,13613.18,North,49,0.1
1525,Widget C,242.35,32,6747.02,North,51,0.13
1526,Widget C,432.39,34,10731.92,South,26,CORRUPT_STRING
1527,Widget B,423.82,11,4382.3,North,34,CORRUPT_STRING
1528,Widget B,166.35,10,1663.5,South,28,0.0
1529,Widget B,416.16,15,6117.55,West,49,0.02
1530,Widget A,28.12,17,348.97,West,27,0.27
1531,Gadget X,302.16,40,9789.98,East,39,0.19
1532,Widget A,122.69,18,2031.75,East,74,0.08
1533,Widget A,69.07,9,590.55,East,34,0.05
1534,Widget C,47.7,25,1085.18,North,21,0.09
1535,Widget B,351.17,40,13625.4,West,65,0.03
1536,Gadget X,176.53,14,1779.42,South,69,CORRUPT_STRING
1537,Widget C,365.13,25,6937.47,East,64,0.24
1538,Widget A,42.01,22,794.83,South,42,CORRUPT_STRING
1539,Widget B,164.48,30,3651.46,South,38,0.26
1540,Widget C,274.34,20,5102.72,East,54,0.07
1541,Widget B,397.44,21,6510.07,West,55,0.22
1542,Widget C,166.18,44,5410.82,East,66,CORRUPT_STRING
1543,Widget B,316.68,32,9019.05,South,18,0.11
1544,Widget A,444.12,46,15730.73,East,42,0.23
1545,Gadget X,311.76,49,13901.38,South,68,0.09
1546,Widget A,124.14,21,2372.32,South,53,0.09
1547,Gadget X,21.95,35,745.2,East,34,CORRUPT_STRING
1548,Widget B,436.34,32,12147.71,North,58,0.13
1549,Widget C,20.41,30,477.59,East,41,0.22
1550,Widget A,438.59,39,12315.61,North,19,0.28
1551,Gadget X,269.17,49,10815.25,South,57,0.18
1552,Widget A,470.13,12,4174.75,South,32,CORRUPT_STRING
1553,Gadget X,401.39,41,12342.74,North,49,0.25
1554,Widget A,498.98,47,22279.46,South,56,CORRUPT_STRING
1555,Gadget X,181.84,18,2782.15,North,23,0.15
1556,Gadget X,385.91,21,7779.95,North,18,0.04
1557,Widget B,206.94,13,2152.18,South,64,0.2
1558,Gadget X,245.13,21,3706.37,West,40,0.28
1559,Widget B,317.47,8,2438.17,North,56,0.04
1560,Gadget X,438.09,46,15718.67,East,74,0.22
1561,Widget C,492.19,40,15946.96,East,34,0.19
1562,Widget C,386.44,46,14576.52,South,51,0.18
1563,Widget C,214.7,7,1322.55,West,58,0.12
1564,Gadget X,216.45,23,4430.73,South,46,0.11
1565,Widget B,371.41,44,16178.62,West,26,0.01
1566,Widget B,126.99,32,3779.22,North,30,CORRUPT_STRING
1567,Gadget X,64.12,11,705.32,North,23,0.0
1568,Widget C,183.75,22,3355.27,North,23,0.17
1569,Widget C,150.74,22,3216.79,North,37,0.03
1570,Widget B,155.18,43,4937.83,East,69,0.26
1571,Widget C,124.46,25,2613.66,East,70,CORRUPT_STRING
1572,Widget A,30.62,22,532.18,South,20,0.21
1573,Widget B,18.75,28,462.0,West,34,0.12
1574,Widget C,493.97,29,11889.86,North,66,0.17
1575,Widget B,219.6,13,2055.46,North,29,0.28
1576,Widget A,198.31,18,3498.19,West,65,0.02
1577,Widget B,343.02,2,631.16,West,64,CORRUPT_STRING
1578,Widget B,116.93,29,2611.05,South,62,0.23
1579,Widget B,475.47,21,9685.32,West,72,CORRUPT_STRING
1580,Widget B,395.3,15,5810.91,North,18,0.02
1581,Widget A,53.8,27,1292.81,North,34,CORRUPT_STRING
1582,Gadget X,214.6,31,6453.02,North,20,CORRUPT_STRING
1583,Widget B,440.76,15,5421.35,North,43,0.18
1584,Widget B,472.91,23,10115.54,North,32,0.07
1585,Widget C,239.02,24,4187.63,South,53,0.27
1586,Widget B,310.56,44,10385.13,North,49,CORRUPT_STRING
1587,Widget C,91.84,13,943.2,South,49,CORRUPT_STRING
1588,Gadget X,495.66,22,8832.66,North,21,CORRUPT_STRING
1589,Widget A,123.51,43,3930.09,East,35,CORRUPT_STRING
1590,Widget A,471.93,37,16239.11,East,66,0.07
1591,Gadget X,328.32,33,8017.57,East,36,CORRUPT_STRING
1592,Widget A,307.78,3,701.74,East,60,0.24
1593,Gadget X,261.21,19,3871.13,South,69,CORRUPT_STRING
1594,Gadget X,123.02,23,2348.45,South,52,0.17
1595,Gadget X,96.49,29,2602.34,West,57,CORRUPT_STRING
1596,Widget A,118.03,30,3080.58,North,31,CORRUPT_STRING
1597,Widget C,101.34,39,3003.72,East,50,0.24
1598,Gadget X,391.99,44,17075.08,South,31,0.01
1599,Widget B,181.55,47,6570.29,North,51,0.23
1600,Widget A,38.33,25,891.17,North,72,0.07
1601,Gadget X,484.85,37,17221.87,South,21,CORRUPT_STRING
1602,Gadget X,443.05,47,20198.65,East,41,CORRUPT_STRING
1603,Widget B,464.59,8,3679.55,West,46,CORRUPT_STRING
1604,Widget C,497.49,42,17551.45,North,36,0.16
1605,Widget C,95.2,16,1416.58,West,23,0.07
1606,Widget C,204.15,8,1143.24,East,74,0.3
1607,Gadget X,381.53,1,316.67,East,50,CORRUPT_STRING
1608,Gadget X,351.04,44,14827.93,West,66,0.04
1609,Gadget X,85.4,5,337.33,East,57,0.21
1610,Widget A,409.75,3,897.35,North,36,CORRUPT_STRING
1611,Widget B,119.97,1,93.58,West,70,0.22
1612,Gadget X,119.66,4,469.07,East,18,0.02
1613,Widget B,273.11,40,7974.81,West,22,CORRUPT_STRING
1614,Widget B,300.53,35,7994.1,North,44,0.24
1615,Widget C,294.23,32,8944.59,East,33,CORRUPT_STRING
1616,Widget A,54.82,42,2256.39,North,23,0.02
1617,Gadget X,439.95,34,12415.39,East,57,0.17
1618,Widget C,140.13,43,5724.31,South,30,0.05
1619,Widget C,73.45,25,1377.19,East,65,0.25
1620,Gadget X,445.48,10,3964.77,West,52,CORRUPT_STRING
1621,Widget B,478.26,21,7331.73,East,36,0.27
1622,Widget C,432.43,46,16510.18,North,29,CORRUPT_STRING
1623,Widget B,406.65,39,15066.38,North,33,CORRUPT_STRING
1624,Widget A,331.06,27,8581.08,East,60,0.04
1625,Widget B,279.91,27,6272.78,West,27,0.17
1626,Widget A,52.61,2,81.02,South,42,CORRUPT_STRING
1627,Widget B,210.13,41,6633.8,West,37,0.23
1628,Widget C,192.61,48,8505.66,South,48,CORRUPT_STRING
1629,Widget C,137.27,13,1677.44,North,21,0.06
1630,Widget A,364.47,9,3247.43,West,61,0.01
1631,Gadget X,252.97,36,7285.54,South,40,CORRUPT_STRING
1632,Widget A,49.7,22,1071.53,East,19,0.02
1633,Widget A,117.88,42,4307.34,North,73,CORRUPT_STRING
1634,Widget B,344.79,26,7350.92,East,39,0.18
1635,Widget B,47.29,12,408.59,North,68,CORRUPT_STRING
1636,Widget A,427.08,17,6606.93,West,74,CORRUPT_STRING
1637,Widget C,252.61,14,3288.98,West,54,0.07
1638,Widget B,245.48,14,2749.38,North,25,0.2
1639,Gadget X,300.27,34,8269.44,North,24,0.19
1640,Widget B,414.08,20,7453.44,North,31,0.1
1641,Widget B,180.42,11,1428.93,West,73,0.28
1642,Gadget X,342.22,16,4106.64,South,72,CORRUPT_STRING
1643,Widget A,287.2,31,8279.98,East,20,0.07
1644,Gadget X,140.83,6,785.83,East,67,CORRUPT_STRING
1645,Widget A,440.52,19,7114.4,West,33,0.15
1646,Widget A,400.73,37,11416.8,East,72,0.23
1647,Widget A,332.63,4,1317.21,North,36,0.01
1648,Gadget X,426.78,47,15846.34,South,68,0.21
1649,Widget A,434.96,4,1409.27,East,35,CORRUPT_STRING
1650,Widget C,357.09,20,6641.87,South,69,CORRUPT_STRING
1651,Gadget X,420.13,10,3361.04,North,33,CORRUPT_STRING
1652,Widget C,351.75,24,6078.24,East,25,0.28
1653,Widget A,343.26,35,11893.96,West,50,CORRUPT_STRING
1654,Widget B,313.11,26,7326.77,South,66,0.1
1655,Widget A,378.82,37,12194.22,North,29,CORRUPT_STRING
1656,Widget C,87.71,38,2433.08,South,70,0.27
1657,Widget C,441.62,21,6584.55,East,28,0.29
1658,Gadget X,437.19,40,15214.21,East,22,CORRUPT_STRING
1659,Widget B,24.32,39,730.33,West,44,CORRUPT_STRING
1660,Gadget X,414.64,21,7314.25,North,29,CORRUPT_STRING
1661,Widget C,73.14,10,614.38,North,34,CORRUPT_STRING
1662,Widget A,174.2,38,6090.03,West,23,0.08
1663,Widget B,374.31,46,16012.98,West,50,0.07
1664,Widget A,88.76,4,323.09,North,22,0.09
1665,Widget A,410.79,45,15343.01,South,74,0.17
1666,Widget B,417.74,20,8271.25,South,45,CORRUPT_STRING
1667,Gadget X,258.65,17,3209.85,West,31,0.27
1668,Widget A,13.12,7,87.25,South,22,0.05
1669,Widget C,150.64,4,560.38,North,71,CORRUPT_STRING
1670,Widget A,312.28,29,7607.14,East,73,0.16
1671,Widget B,490.77,14,5427.92,East,50,CORRUPT_STRING
1672,Widget B,319.58,3,929.98,South,67,CORRUPT_STRING
1673,Widget B,137.29,24,2965.46,West,65,0.1
1674,Gadget X,320.65,37,8423.48,West,58,CORRUPT_STRING
1675,Widget A,274.58,16,4041.82,West,36,0.08
1676,Gadget X,392.11,4,1427.28,West,39,0.09
1677,Gadget X,62.41,24,1123.38,West,22,0.25
1678,Widget B,382.89,34,12757.89,South,19,0.02
1679,Widget B,275.21,30,7100.42,East,47,CORRUPT_STRING
1680,Gadget X,481.86,18,7719.4,East,64,0.11
1681,Widget A,177.51,19,3069.15,South,56,0.09
1682,Widget C,319.97,31,9026.35,West,21,0.09
1683,Gadget X,466.68,19,8600.91,South,50,CORRUPT_STRING
1684,Widget A,60.22,49,2685.21,East,30,0.09
1685,Widget B,469.23,46,21368.73,North,37,CORRUPT_STRING
1686,Widget B,347.05,19,5077.34,South,71,0.23
1687,Widget A,43.23,22,836.93,West,24,0.12
1688,Widget C,157.46,24,3287.76,East,32,CORRUPT_STRING
1689,Widget B,356.99,45,11727.12,East,40,0.27
1690,Widget B,42.99,12,412.7,East,31,0.2
1691,Widget B,295.25,30,8857.5,East,40,CORRUPT_STRING
1692,Widget A,179.47,38,4910.3,West,36,0.28
1693,Gadget X,314.24,31,9059.54,North,71,0.07
1694,Widget B,32.4,36,1131.41,East,46,CORRUPT_STRING
1695,Gadget X,437.04,19,6393.9,South,73,0.23
1696,Widget C,487.0,48,19869.6,North,37,0.15
1697,Widget B,484.74,45,18977.57,East,46,0.13
1698,Widget B,377.32,36,12632.67,North,41,0.07
1699,Widget C,73.73,30,1858.0,South,35,0.16
1700,Widget B,381.54,49,17199.82,East,27,0.08
1701,Gadget X,22.04,33,530.94,South,58,0.27
1702,Widget A,20.83,18,352.44,West,74,0.06
1703,Gadget X,168.56,49,6029.39,East,25,CORRUPT_STRING
1704,Widget A,249.43,28,5796.75,East,43,0.17
1705,Widget A,387.49,47,13659.02,East,46,0.25
1706,Gadget X,344.8,11,2996.31,East,27,CORRUPT_STRING
1707,Gadget X,228.48,45,8122.46,West,34,CORRUPT_STRING
1708,Gadget X,144.07,33,4278.88,East,19,CORRUPT_STRING
1709,Gadget X,498.58,17,7882.55,North,23,0.07
1710,Widget C,218.82,6,1234.14,East,22,0.06
1711,Widget B,231.17,4,684.26,West,45,CORRUPT_STRING
1712,Widget A,90.17,20,1352.55,East,58,0.25
1713,Gadget X,399.45,48,16681.03,North,22,0.13
1714,Gadget X,349.89,47,15787.04,West,35,0.04
1715,Gadget X,118.17,27,2839.63,West,43,0.11
1716,Widget C,50.36,15,611.87,North,37,CORRUPT_STRING
1717,Gadget X,343.43,6,1772.1,North,58,CORRUPT_STRING
1718,Gadget X,330.7,47,11968.03,North,66,0.23
1719,Gadget X,143.89,14,1410.12,North,44,0.3
1720,Widget B,475.91,11,4920.91,North,66,CORRUPT_STRING
1721,Widget C,84.01,39,2817.7,West,29,CORRUPT_STRING
1722,Gadget X,221.83,9,1736.93,West,24,0.13
1723,Widget A,472.36,26,11176.04,East,20,0.09
1724,Widget A,215.66,16,3243.53,East,27,0.06
1725,Widget A,322.87,5,1582.06,South,51,0.02
1726,Widget C,204.81,10,1495.11,East,42,0.27
1727,Widget C,144.36,3,376.78,East,52,0.13
1728,Widget A,492.14,13,5438.15,North,33,0.15
1729,Gadget X,210.56,43,6518.94,North,19,0.28
1730,Widget C,448.1,49,16906.81,East,41,0.23
1731,Widget A,122.67,30,3532.9,South,27,0.04
1732,Widget A,114.41,45,4273.21,North,55,CORRUPT_STRING
1733,Gadget X,25.25,6,131.8,East,39,0.13
1734,Widget B,329.31,17,4254.69,East,43,0.24
1735,Widget C,190.57,45,6689.01,West,60,0.22
1736,Gadget X,433.53,19,6507.29,South,72,0.21
1737,Widget A,241.86,42,9142.31,West,56,0.1
1738,Widget A,484.4,35,12885.04,South,44,CORRUPT_STRING
1739,Gadget X,100.9,46,4548.57,North,46,0.02
1740,Widget C,435.62,26,10759.81,South,64,0.05
1741,Widget B,390.52,5,1757.34,East,55,CORRUPT_STRING
1742,Widget B,387.74,29,11019.57,East,37,0.02
1743,Widget A,423.93,37,14587.43,South,44,CORRUPT_STRING
1744,Widget C,382.89,20,5743.35,South,58,0.25
1745,Widget B,316.84,49,11178.12,South,71,0.28
1746,Widget C,74.3,21,1419.87,West,37,0.09
1747,Widget C,25.93,10,238.56,South,61,0.08
1748,Widget A,461.21,5,2121.57,North,36,0.08
1749,Widget B,312.15,36,10338.41,West,37,CORRUPT_STRING
1750,Gadget X,400.29,6,2377.72,West,52,0.01
1751,Widget A,245.94,26,4604.0,South,64,0.28
1752,Widget B,67.47,4,253.69,North,19,0.06
1753,Widget B,71.33,39,2420.23,West,47,0.13
1754,Widget B,345.92,39,13490.88,East,70,0.0
1755,Widget B,220.84,35,5719.76,West,51,0.26
1756,Widget B,108.25,1,84.44,South,39,0.22
1757,Widget C,250.87,24,4335.03,North,20,0.28
1758,Widget A,41.45,36,1148.99,South,23,CORRUPT_STRING
1759,Widget C,295.16,6,1611.57,East,32,0.09
1760,Gadget X,141.8,41,5406.83,East,44,CORRUPT_STRING
1761,Widget B,400.79,46,14564.71,East,27,CORRUPT_STRING
1762,Widget A,162.07,44,6346.66,South,26,CORRUPT_STRING
1763,Widget B,233.05,31,5996.38,West,50,0.17
1764,Widget A,15.68,20,313.6,South,49,CORRUPT_STRING
1765,Widget C,45.49,24,1069.92,North,65,0.02
1766,Widget A,202.31,25,4248.51,West,23,CORRUPT_STRING
1767,Gadget X,245.16,36,7325.38,East,58,0.17
1768,Gadget X,304.0,21,4915.68,South,53,CORRUPT_STRING
1769,Widget A,152.9,30,4403.52,East,19,0.04
1770,Widget A,350.53,24,7150.81,East,46,0.15
1771,Widget A,431.45,44,17844.77,North,21,CORRUPT_STRING
1772,Widget A,392.12,42,15974.97,West,18,0.03
1773,Gadget X,29.4,30,776.16,North,36,0.12
1774,Widget B,245.44,22,5129.7,North,43,0.05
1775,Widget A,61.41,28,1599.12,North,42,CORRUPT_STRING
1776,Widget A,128.59,7,810.12,East,27,0.1
1777,Gadget X,493.45,35,15889.09,North,70,0.08
1778,Gadget X,79.81,28,2167.64,North,32,0.03
1779,Widget C,254.45,14,3455.43,West,39,0.03
1780,Widget A,312.89,10,2941.17,West,68,0.06
1781,Widget C,354.2,16,5553.86,North,65,0.02
1782,Gadget X,284.22,16,3683.49,West,38,CORRUPT_STRING
1783,Gadget X,14.78,31,416.94,West,73,0.09
1784,Widget B,169.96,42,6567.25,North,39,0.08
1785,Widget A,263.67,25,5932.58,East,53,0.1
1786,Widget C,53.04,13,551.62,North,51,CORRUPT_STRING
1787,Gadget X,181.8,6,807.19,West,47,CORRUPT_STRING
1788,Gadget X,26.26,44,889.69,East,42,0.23
1789,Widget C,48.49,9,340.4,South,62,0.22
1790,Widget B,204.48,45,7821.36,East,45,CORRUPT_STRING
1791,Gadget X,75.02,36,2133.57,West,18,0.21
1792,Widget A,288.09,43,10281.93,East,66,0.17
1793,Gadget X,347.83,20,6539.2,North,62,0.06
1794,Widget A,402.28,18,6806.58,South,21,0.06
1795,Widget C,108.06,43,4228.39,South,24,0.09
1796,Widget A,92.06,21,1411.28,South,66,0.27
1797,Widget C,61.23,4,205.73,West,26,CORRUPT_STRING
1798,Widget A,321.84,33,8284.16,West,53,0.22
1799,Widget C,356.16,27,8654.69,South,36,0.1
1800,Widget A,25.47,7,156.9,East,18,0.12
1801,Widget B,468.73,6,2699.88,South,27,0.04
1802,Widget A,35.46,15,505.3,East,53,CORRUPT_STRING
1803,Widget A,275.23,18,3715.61,East,26,CORRUPT_STRING
1804,Widget B,357.43,32,9378.96,West,62,CORRUPT_STRING
1805,Gadget X,436.76,11,4323.92,East,63,0.1
1806,Gadget X,359.89,20,5470.33,South,59,0.24
1807,Widget A,402.84,24,8991.39,West,49,0.07
1808,Widget B,176.32,15,1877.81,North,49,0.29
1809,Widget A,409.25,48,17679.6,North,23,0.1
1810,Widget C,49.25,7,310.28,West,65,0.1
1811,Widget C,448.45,21,8569.88,South,55,0.09
1812,Widget A,278.31,42,11221.46,North,34,0.04
1813,Gadget X,410.47,26,10352.05,North,27,CORRUPT_STRING
1814,Gadget X,231.63,44,8255.29,East,67,0.19
1815,Widget A,325.34,14,3370.52,East,44,0.26
1816,Widget A,267.93,37,7534.19,South,71,CORRUPT_STRING
1817,Widget C,368.47,21,7428.36,West,67,0.04
1818,Gadget X,49.99,18,755.85,South,52,CORRUPT_STRING
1819,Widget A,39.56,5,191.87,West,69,0.03
1820,Widget C,131.07,3,389.28,North,38,0.01
1821,Gadget X,88.17,23,1622.33,East,42,CORRUPT_STRING
1822,Widget B,437.16,26,9547.57,South,45,0.16
1823,Widget C,117.4,37,4256.92,South,64,0.02
1824,Gadget X,488.16,24,11598.68,West,32,0.01
1825,Gadget X,175.07,49,6004.9,West,21,CORRUPT_STRING
1826,Widget C,99.23,19,1866.52,South,46,CORRUPT_STRING
1827,Widget B,396.94,25,8633.44,West,26,0.13
1828,Widget C,332.76,21,5939.77,South,44,CORRUPT_STRING
1829,Gadget X,254.11,12,2927.35,South,43,0.04
1830,Widget A,282.12,41,10988.57,South,36,0.05
1831,Widget A,362.4,33,10643.69,North,73,0.11
1832,Widget C,121.93,4,375.54,West,45,0.23
1833,Gadget X,498.19,42,17785.38,East,34,0.15
1834,Widget A,487.64,7,2764.92,East,60,CORRUPT_STRING
1835,Gadget X,328.65,22,5061.21,West,74,CORRUPT_STRING
1836,Widget C,107.77,33,2738.44,South,58,0.23
1837,Widget A,343.3,17,5077.41,East,59,0.13
1838,Gadget X,45.37,24,947.33,East,67,0.13
1839,Widget A,25.01,34,688.78,West,37,CORRUPT_STRING
1840,Widget C,136.25,28,3052.0,East,62,CORRUPT_STRING
1841,Gadget X,236.68,43,8650.65,South,57,0.15
1842,Widget A,435.44,41,14460.96,West,56,0.19
1843,Widget C,366.3,39,14142.84,South,66,0.01
1844,Widget A,373.92,22,7156.83,East,70,0.13
1845,Widget A,218.48,49,9849.08,East,40,0.08
1846,Widget B,179.5,17,2929.44,South,64,CORRUPT_STRING
1847,Widget B,191.8,34,6325.56,North,49,0.03
1848,Widget C,493.94,6,2430.18,East,69,CORRUPT_STRING
1849,Widget B,29.64,46,1145.29,North,64,0.16
1850,Widget C,434.84,6,2400.32,East,50,CORRUPT_STRING
1851,Widget B,293.54,34,8583.11,North,74,0.14
1852,Widget A,224.91,1,191.17,North,63,0.15
1853,Widget C,365.37,10,3434.48,North,22,0.06
1854,Widget C,248.46,21,4174.13,South,60,CORRUPT_STRING
1855,Widget A,437.97,5,1686.18,North,65,0.23
1856,Widget C,451.33,2,686.02,North,51,0.24
1857,Widget C,216.63,22,3908.01,North,57,CORRUPT_STRING
1858,Widget B,145.64,48,5942.11,East,28,0.15
1859,Widget C,300.24,2,588.47,North,67,CORRUPT_STRING
1860,Gadget X,457.05,10,4159.16,East,20,0.09
1861,Widget A,113.21,34,3733.67,North,50,CORRUPT_STRING
1862,Widget B,315.24,16,3581.13,North,28,0.29
1863,Widget B,319.45,48,14720.26,South,33,0.04
1864,Gadget X,369.22,39,13679.6,East,35,0.05
1865,Widget A,74.46,22,1195.83,North,47,0.27
1866,Widget A,360.74,12,3116.79,East,65,CORRUPT_STRING
1867,Widget B,455.42,24,8416.16,East,72,0.23
1868,Widget C,98.03,47,4607.41,West,27,0.0
1869,Widget B,126.39,40,5055.6,South,35,CORRUPT_STRING
1870,Widget A,485.97,38,16435.51,South,55,0.11
1871,Gadget X,98.67,10,947.23,South,36,CORRUPT_STRING
1872,Widget B,428.64,35,14852.38,West,53,0.01
1873,Widget A,251.21,49,10585.99,West,30,0.14
1874,Widget B,131.13,32,3021.24,South,73,0.28
1875,Widget C,436.66,7,2750.96,West,63,0.1
1876,Widget B,228.19,21,3833.59,West,20,0.2
1877,Widget B,262.25,20,4196.0,West,27,0.2
1878,Widget A,186.01,26,4449.36,South,55,0.08
1879,Widget A,300.54,4,961.73,South,18,0.2
1880,Widget A,90.12,46,3896.79,South,72,0.06
1881,Widget B,201.62,22,4258.21,West,73,CORRUPT_STRING
1882,Widget C,485.0,15,5747.25,South,44,CORRUPT_STRING
1883,Gadget X,136.48,40,5295.42,West,63,0.03
1884,Gadget X,331.79,21,4877.31,North,25,0.3
1885,Widget A,169.33,15,2387.55,West,68,0.06
1886,Widget A,388.99,22,7017.38,East,63,CORRUPT_STRING
1887,Widget B,74.12,28,1826.32,South,59,0.12
1888,Gadget X,485.2,14,6521.09,South,34,0.04
1889,Widget A,232.35,27,6210.72,East,26,0.01
1890,Widget C,125.65,41,4172.84,West,23,0.19
1891,Widget C,46.0,40,1398.4,North,60,0.24
1892,Widget A,93.17,28,1956.57,East,42,0.25
1893,Widget A,264.68,26,5918.24,East,56,CORRUPT_STRING
1894,Gadget X,175.12,49,6607.28,West,66,0.23
1895,Gadget X,416.14,2,665.82,South,45,CORRUPT_STRING
1896,Widget B,221.12,25,4311.84,West,50,0.22
1897,Gadget X,131.86,3,336.24,East,71,CORRUPT_STRING
1898,Widget C,312.39,8,2024.29,East,54,0.19
1899,Widget C,356.31,44,11915.01,South,26,CORRUPT_STRING
1900,Widget A,91.84,33,2667.03,South,35,0.12
1901,Gadget X,92.12,42,2940.47,South,73,0.24
1902,Widget B,27.96,35,802.45,West,38,CORRUPT_STRING
1903,Widget C,370.83,6,2113.73,South,19,0.05
1904,Widget C,335.25,39,12944.0,East,60,CORRUPT_STRING
1905,Widget B,242.56,23,4965.2,East,55,0.11
1906,Widget B,423.63,25,8896.23,North,57,0.16
1907,Widget C,404.77,43,13053.83,West,53,0.25
1908,Widget C,296.81,19,5413.81,North,67,0.04
1909,Widget B,435.44,5,1654.67,East,60,0.24
1910,Widget C,110.85,11,902.32,North,54,0.26
1911,Widget A,64.83,12,739.06,East,32,0.05
1912,Widget A,142.17,10,1052.06,North,45,0.26
1913,Widget B,37.96,8,212.58,South,35,0.3
1914,Gadget X,270.26,24,5059.27,North,51,CORRUPT_STRING
1915,Widget B,468.93,28,9978.83,South,39,0.24
1916,Widget B,29.27,41,840.05,South,28,0.3
1917,Gadget X,69.82,36,2061.09,West,74,0.18
1918,Gadget X,231.57,37,7796.96,South,30,CORRUPT_STRING
1919,Gadget X,467.59,21,7364.54,South,21,CORRUPT_STRING
1920,Widget A,164.91,8,1081.81,North,39,CORRUPT_STRING
1921,Widget C,258.54,9,1931.29,East,24,0.17
1922,Widget A,30.36,47,1312.77,West,60,0.08
1923,Widget C,82.68,15,954.95,South,71,0.23
1924,Widget A,493.44,48,23211.42,West,41,CORRUPT_STRING
1925,Widget C,482.9,46,15993.65,North,21,0.28
1926,Widget A,12.41,40,446.76,South,45,0.1
1927,Gadget X,476.38,18,8231.85,North,32,CORRUPT_STRING
1928,Widget B,323.16,42,11808.27,West,18,0.13
1929,Widget A,435.27,20,8618.35,North,72,CORRUPT_STRING
1930,Widget C,232.81,6,1103.52,West,20,0.21
1931,Gadget X,262.63,12,2300.64,North,31,0.27
1932,Widget A,249.52,2,374.28,West,55,0.25
1933,Widget A,336.75,7,2262.96,East,67,0.04
1934,Gadget X,78.42,16,1204.53,North,74,0.04
1935,Widget A,24.68,3,56.27,North,18,0.24
1936,Widget B,160.88,45,5212.51,East,55,0.28
1937,Widget A,355.28,3,916.62,East,55,0.14
1938,Widget B,108.9,27,2499.26,North,38,CORRUPT_STRING
1939,Widget B,339.97,43,13156.84,East,65,0.1
1940,Gadget X,485.25,40,14169.3,South,46,CORRUPT_STRING
1941,Widget A,56.0,38,1723.68,West,22,0.19
1942,Gadget X,339.57,33,10197.29,West,66,CORRUPT_STRING
1943,Widget A,227.43,28,5794.92,West,27,CORRUPT_STRING
1944,Widget A,435.38,1,317.83,South,45,0.27
1945,Widget C,96.79,8,774.32,East,38,CORRUPT_STRING
1946,Widget A,349.38,37,11634.35,East,67,CORRUPT_STRING
1947,Gadget X,420.67,32,11173.0,North,24,0.17
1948,Widget B,472.85,48,21788.93,East,20,0.04
1949,Widget A,344.78,43,14380.77,North,62,CORRUPT_STRING
1950,Widget C,253.61,37,7131.51,South,64,0.24
1951,Gadget X,312.74,4,913.2,West,37,0.27
1952,Widget A,435.75,30,9804.38,West,36,0.25
1953,Gadget X,289.59,6,1268.4,West,52,0.27
1954,Widget C,24.88,46,949.92,East,21,CORRUPT_STRING
1955,Widget C,466.15,19,6731.21,North,22,0.24
1956,Gadget X,347.86,32,9795.74,North,18,0.12
1957,Widget A,341.48,9,2458.66,South,21,0.2
1958,Widget B,115.67,12,971.63,East,29,0.3
1959,Widget C,332.84,11,3404.95,South,44,0.07
1960,Widget A,202.98,46,8216.63,North,73,0.12
1961,Widget A,329.09,16,4528.28,North,59,0.14
1962,Widget B,62.22,1,59.73,West,40,0.04
1963,Widget C,332.33,45,14655.75,East,42,CORRUPT_STRING
1964,Widget C,499.7,21,7870.28,North,38,0.25
1965,Widget A,33.61,30,715.89,West,69,CORRUPT_STRING
1966,Widget A,488.81,13,5591.99,East,41,0.12
1967,Widget B,209.37,34,6905.02,South,42,0.03
1968,Widget B,436.66,4,1711.71,East,62,CORRUPT_STRING
1969,Widget C,393.36,28,8040.28,East,72,0.27
1970,Gadget X,287.83,38,9406.28,North,63,0.14
1971,Widget C,371.83,31,10374.06,North,49,CORRUPT_STRING
1972,Widget A,440.46,27,10227.48,East,72,0.14
1973,Widget C,208.02,5,936.09,North,49,0.1
1974,Gadget X,170.24,25,3617.6,North,22,CORRUPT_STRING
1975,Widget B,337.11,3,748.38,North,53,0.26
1976,Gadget X,405.83,33,10981.76,West,63,0.18
1977,Gadget X,383.51,4,1211.89,West,59,CORRUPT_STRING
1978,Gadget X,400.92,25,8920.47,East,66,CORRUPT_STRING
1979,Widget B,223.43,20,3485.51,North,59,0.22
1980,Gadget X,410.73,34,11171.86,West,56,0.2
1981,Gadget X,68.89,26,1719.49,East,33,0.04
1982,Gadget X,276.79,5,1148.68,North,50,0.17
1983,Widget A,12.81,35,412.48,South,66,0.08
1984,Gadget X,169.04,28,3597.17,North,38,CORRUPT_STRING
1985,Widget B,189.56,29,4782.6,North,26,0.13
1986,Gadget X,204.11,9,1285.89,West,23,0.3
1987,Gadget X,350.77,38,12929.38,East,68,0.03
1988,Widget B,200.38,6,925.76,East,62,0.23
1989,Gadget X,229.85,19,3493.72,West,52,0.2
1990,Widget B,126.39,44,4282.09,North,56,0.23
1991,Gadget X,192.88,11,1930.73,South,39,0.09
1992,Widget B,121.35,2,206.3,North,58,0.15
1993,Gadget X,45.86,47,1638.12,North,71,CORRUPT_STRING
1994,Gadget X,305.68,44,12508.43,South,22,0.07
1995,Widget A,337.41,44,13806.82,West,59,0.07
1996,Widget A,313.54,9,2342.14,East,40,CORRUPT_STRING
1997,Gadget X,237.1,21,4182.44,West,34,CORRUPT_STRING
1998,Gadget X,196.09,24,4329.67,West,29,0.08
1999,Widget C,433.02,34,13397.64,North,40,0.09
